{"initial_reset_timestamp": 1608140807.5836728, "timestamps": [1608140840.7038112], "episode_lengths": [1500], "episode_rewards": [-4631.109523066691], "episode_types": ["t"]}