{"initial_reset_timestamp": 1608142607.7529972, "timestamps": [1608142636.3012178], "episode_lengths": [1372], "episode_rewards": [-5848.387310343444], "episode_types": ["t"]}